{
  "n_permutations": 99999,
  "datasets": {
    "Columbus (n=49)": {
      "NumPy": {
        "observed": 0.18009311431727298,
        "p_value": 0.04918049180491805,
        "elapsed_s": 0.5425252499990165,
        "throughput_perm_s": 184321.37490408286,
        "note": null
      },
      "Numba (parallel)": {
        "observed": 0.18009311431727298,
        "p_value": 0.04737047370473705,
        "elapsed_s": 0.021198499998718034,
        "throughput_perm_s": 4717267.73149267,
        "note": null
      },
      "Swift+Metal": {
        "observed": 0.180093114317273,
        "p_value": 0.01880018800188002,
        "elapsed_s": 0.011808991432189941,
        "throughput_perm_s": 8468039.000131233,
        "note": null
      }
    }
  }
}