{
  "n_permutations": 99999,
  "datasets": {
    "Columbus (n=49)": {
      "NumPy": {
        "observed": 0.18009311431727298,
        "p_value": 0.04918049180491805,
        "elapsed_s": 0.5191818749990489,
        "throughput_perm_s": 192608.80399606246,
        "note": null
      },
      "Numba (parallel)": {
        "observed": 0.18009311431727298,
        "p_value": 0.04737047370473705,
        "elapsed_s": 0.017860250000012456,
        "throughput_perm_s": 5598969.7792545045,
        "note": null
      },
      "Swift+Metal (batched)": {
        "observed": 0.180093114317273,
        "p_value": 0.01880018800188002,
        "elapsed_s": 0.09697699546813965,
        "throughput_perm_s": 1031162.0762972925,
        "note": null
      }
    },
    "Synthetic KNN (n=500)": {
      "NumPy": {
        "observed": 0.5082100501566094,
        "p_value": 0.0,
        "elapsed_s": 1.2899608750012703,
        "throughput_perm_s": 77520.95581961083,
        "note": null
      },
      "Numba (parallel)": {
        "observed": 0.5082100501566086,
        "p_value": 0.0,
        "elapsed_s": 0.5932283329984784,
        "throughput_perm_s": 168567.47130494268,
        "note": null
      },
      "Swift+Metal (batched)": {
        "observed": 0.5082100501566092,
        "p_value": 0.0,
        "elapsed_s": 0.39348304271698,
        "throughput_perm_s": 254138.01649370225,
        "note": null
      }
    },
    "Synthetic KNN (n=2,000)": {
      "NumPy": {
        "observed": 0.5141519421164689,
        "p_value": 0.0,
        "elapsed_s": 4.049490666999191,
        "throughput_perm_s": 24694.216686293203,
        "note": null
      },
      "Numba (parallel)": {
        "observed": 0.5141519421164682,
        "p_value": 0.0,
        "elapsed_s": 1.5200604170004226,
        "throughput_perm_s": 65786.2009178101,
        "note": null
      },
      "Swift+Metal (batched)": {
        "observed": 0.5141519421164689,
        "p_value": 0.0,
        "elapsed_s": 2.519990086555481,
        "throughput_perm_s": 39682.29896359888,
        "note": "2 Metal batches"
      }
    },
    "Synthetic KNN (n=5,000)": {
      "NumPy": {
        "observed": 0.5307683704533364,
        "p_value": 0.0,
        "elapsed_s": 9.2747198750003,
        "throughput_perm_s": 10781.88897861422,
        "note": null
      },
      "Numba (parallel)": {
        "observed": 0.5307683704533394,
        "p_value": 0.0,
        "elapsed_s": 3.3660382500002015,
        "throughput_perm_s": 29708.218556338157,
        "note": null
      },
      "Swift+Metal (batched)": {
        "observed": 0.5307683704533365,
        "p_value": 0.0,
        "elapsed_s": 9.999253988265991,
        "throughput_perm_s": 10000.646059930838,
        "note": "4 Metal batches"
      }
    },
    "Synthetic KNN (n=10,000)": {
      "NumPy": {
        "observed": 0.5315491790191447,
        "p_value": 0.0,
        "elapsed_s": 17.596000999999887,
        "throughput_perm_s": 5683.05264360923,
        "note": null
      },
      "Numba (parallel)": {
        "observed": 0.5315491790191437,
        "p_value": 0.0,
        "elapsed_s": 6.614291333000438,
        "throughput_perm_s": 15118.626465858664,
        "note": null
      },
      "Swift+Metal (batched)": {
        "observed": 0.5315491790191447,
        "p_value": 0.0,
        "elapsed_s": 17.064581990242004,
        "throughput_perm_s": 5860.03220337786,
        "note": "8 Metal batches"
      }
    }
  }
}