{
  "n_permutations": 999,
  "datasets": {
    "Columbus (n=49)": {
      "esda Moran's I": {
        "observed": 0.180093114317273,
        "p_value": 0.021,
        "elapsed_s": 0.004878624982666224,
        "throughput_perm_s": 204770.8121754493,
        "note": "baseline n_perm=999"
      },
      "esda Geary's C": {
        "observed": 0.8060863971220947,
        "p_value": 0.043,
        "elapsed_s": 0.004084625048562884,
        "throughput_perm_s": 244575.69253547117,
        "note": "baseline n_perm=999"
      },
      "NumPy": {
        "observed": 0.18009311431727298,
        "p_value": 0.05205205205205205,
        "elapsed_s": 0.0031529999687336385,
        "throughput_perm_s": 316841.10685267,
        "note": null
      },
      "Numba (parallel)": {
        "observed": 0.18009311431727298,
        "p_value": 0.044044044044044044,
        "elapsed_s": 0.0002716250019147992,
        "throughput_perm_s": 3677864.677248514,
        "note": null
      },
      "Swift serial (Moran's I)": {
        "observed": 0.180093114317273,
        "p_value": 0.05005005005005005,
        "elapsed_s": 0.0008980035781860352,
        "throughput_perm_s": 1112467.7275985663,
        "note": null
      },
      "Swift parallel (Moran's I)": {
        "observed": 0.180093114317273,
        "p_value": 0.04804804804804805,
        "elapsed_s": 0.0003260374069213867,
        "throughput_perm_s": 3064065.5912248627,
        "note": null
      },
      "Swift+Metal (Moran's I)": {
        "observed": 0.180093114317273,
        "p_value": 0.04504504504504504,
        "elapsed_s": 0.00235593318939209,
        "throughput_perm_s": 424035.79375600873,
        "note": null
      },
      "Swift serial (Geary's C)": {
        "observed": 0.8060863971220946,
        "p_value": 0.9669669669669669,
        "elapsed_s": 0.00043201446533203125,
        "throughput_perm_s": 2312422.569536424,
        "note": null
      },
      "Swift parallel (Geary's C)": {
        "observed": 0.8060863971220946,
        "p_value": 0.963963963963964,
        "elapsed_s": 0.0002949237823486328,
        "throughput_perm_s": 3387315.841552142,
        "note": null
      },
      "Swift+Metal (Geary's C)": {
        "observed": 0.8060863971220946,
        "p_value": 0.9629629629629629,
        "elapsed_s": 0.001679062843322754,
        "throughput_perm_s": 594974.7527156549,
        "note": null
      }
    },
    "King County WA (n=21,613)": {
      "esda Moran's I": {
        "observed": 0.7168060984503423,
        "p_value": 0.001,
        "elapsed_s": 0.40399954200256616,
        "throughput_perm_s": 2472.775080506538,
        "note": "baseline n_perm=999"
      },
      "esda Geary's C": {
        "observed": 0.2662881486444781,
        "p_value": 0.001,
        "elapsed_s": 0.8509644159930758,
        "throughput_perm_s": 1173.9621319349371,
        "note": "baseline n_perm=999"
      },
      "Swift serial (Moran's I)": {
        "observed": 0.7168060984503422,
        "p_value": 0.0,
        "elapsed_s": 0.6018699407577515,
        "throughput_perm_s": 1659.8270362900391,
        "note": null
      },
      "Swift parallel (Moran's I)": {
        "observed": 0.7168060984503422,
        "p_value": 0.0,
        "elapsed_s": 0.09045207500457764,
        "throughput_perm_s": 11044.522748089994,
        "note": null
      },
      "Swift+Metal (Moran's I)": {
        "observed": 0.7168060984503422,
        "p_value": 0.0,
        "elapsed_s": 0.2626389265060425,
        "throughput_perm_s": 3803.7012003131845,
        "note": null
      },
      "Swift serial (Geary's C)": {
        "observed": 0.2662881486444637,
        "p_value": 1.0,
        "elapsed_s": 0.19730699062347412,
        "throughput_perm_s": 5063.175900880353,
        "note": null
      },
      "Swift parallel (Geary's C)": {
        "observed": 0.2662881486444637,
        "p_value": 1.0,
        "elapsed_s": 0.0369640588760376,
        "throughput_perm_s": 27026.252808173453,
        "note": null
      },
      "Swift+Metal (Geary's C)": {
        "observed": 0.2662881486444637,
        "p_value": 1.0,
        "elapsed_s": 0.26219797134399414,
        "throughput_perm_s": 3810.0981288270477,
        "note": null
      }
    },
    "NCOVR US Counties (n=3,085)": {
      "NumPy": {
        "observed": 0.38331361120633284,
        "p_value": 0.0,
        "elapsed_s": 0.048508083971682936,
        "throughput_perm_s": 20594.505455692208,
        "note": null
      },
      "Numba (parallel)": {
        "observed": 0.3833136112063323,
        "p_value": 0.0,
        "elapsed_s": 0.21651637501781806,
        "throughput_perm_s": 4613.96972823782,
        "note": null
      },
      "Swift serial (Moran's I)": {
        "observed": 0.3833136112063327,
        "p_value": 0.0,
        "elapsed_s": 0.05243802070617676,
        "throughput_perm_s": 19051.062312165534,
        "note": null
      },
      "Swift parallel (Moran's I)": {
        "observed": 0.3833136112063327,
        "p_value": 0.0,
        "elapsed_s": 0.008679986000061035,
        "throughput_perm_s": 115092.35153063327,
        "note": null
      },
      "Swift+Metal (Moran's I)": {
        "observed": 0.3833136112063327,
        "p_value": 0.0,
        "elapsed_s": 0.011678934097290039,
        "throughput_perm_s": 85538.62806981729,
        "note": null
      },
      "Swift serial (Geary's C)": {
        "observed": 0.6014702718685442,
        "p_value": 1.0,
        "elapsed_s": 0.019665956497192383,
        "throughput_perm_s": 50798.444517184944,
        "note": null
      },
      "Swift parallel (Geary's C)": {
        "observed": 0.6014702718685442,
        "p_value": 1.0,
        "elapsed_s": 0.0035910606384277344,
        "throughput_perm_s": 278190.791129996,
        "note": null
      },
      "Swift+Metal (Geary's C)": {
        "observed": 0.6014702718685442,
        "p_value": 1.0,
        "elapsed_s": 0.011948943138122559,
        "throughput_perm_s": 83605.72047687933,
        "note": null
      }
    },
    "US SDOH Tracts (n=71,901)": {
      "Swift serial (Moran's I)": {
        "observed": 0.5355936591635448,
        "p_value": 0.0,
        "elapsed_s": 1.9942169189453125,
        "throughput_perm_s": 500.9485129272417,
        "note": null
      },
      "Swift parallel (Moran's I)": {
        "observed": 0.5355936591635448,
        "p_value": 0.0,
        "elapsed_s": 0.3050220012664795,
        "throughput_perm_s": 3275.173580437017,
        "note": null
      },
      "Swift+Metal (Moran's I)": {
        "observed": 0.5355936591635448,
        "p_value": 0.0,
        "elapsed_s": 0.525056004524231,
        "throughput_perm_s": 1902.654176682017,
        "note": null
      },
      "Swift serial (Geary's C)": {
        "observed": 0.502882620893933,
        "p_value": 1.0,
        "elapsed_s": 0.6117540597915649,
        "throughput_perm_s": 1633.0091872874148,
        "note": null
      },
      "Swift parallel (Geary's C)": {
        "observed": 0.502882620893933,
        "p_value": 1.0,
        "elapsed_s": 0.12316107749938965,
        "throughput_perm_s": 8111.328840923389,
        "note": null
      },
      "Swift+Metal (Geary's C)": {
        "observed": 0.502882620893933,
        "p_value": 1.0,
        "elapsed_s": 0.5214450359344482,
        "throughput_perm_s": 1915.8299171642436,
        "note": null
      }
    },
    "NYC Earnings Blocks (n=108,487)": {
      "Swift serial (Moran's I)": {
        "observed": 0.4150901244850592,
        "p_value": 0.0,
        "elapsed_s": 3.007270932197571,
        "throughput_perm_s": 332.19487785557726,
        "note": null
      },
      "Swift parallel (Moran's I)": {
        "observed": 0.4150901244850592,
        "p_value": 0.0,
        "elapsed_s": 0.5005550384521484,
        "throughput_perm_s": 1995.7845256920762,
        "note": null
      },
      "Swift+Metal (Moran's I)": {
        "observed": 0.4150901244850592,
        "p_value": 0.0,
        "elapsed_s": 1.2182880640029907,