{
  "n_permutations": 99999,
  "dataset": "Columbus OH (libpysal example)",
  "results": {
    "NumPy": {
      "observed": 0.18009311431727298,
      "p_value": 0.04918049180491805,
      "elapsed_s": 0.5355674580005143,
      "throughput_perm_s": 186715.97481545262
    },
    "Numba (parallel)": {
      "observed": 0.18009311431727298,
      "p_value": 0.04737047370473705,
      "elapsed_s": 0.021659207999618957,
      "throughput_perm_s": 4616927.821264713
    },
    "Swift (Accelerate)": {
      "observed": 0.180093114317273,
      "p_value": 0.04883048830488305,
      "elapsed_s": 0.030357956886291504,
      "throughput_perm_s": 3293996.3771131034
    }
  }
}